company,link
"AI/ML Engineer
AI/ML Engineer
Augment Jobs
United States (Remote)
Machine Learning · Python +3
Viewed
Easy Apply",https://www.linkedin.com/jobs/view/4056561078/
"Data Virtualization Developer - TIBCO & CP4D Specialist
Data Virtualization Developer - TIBCO & CP4D Specialist
Business Integra Inc
United States (Remote)
Data Engineering · Python +4
Applicant review time is typically 4 days
16 hours ago
Within the past 24 hours
Easy Apply",https://www.linkedin.com/jobs/view/4054773723/
"Python Streamlit Developer
Python Streamlit Developer
OMTECH
United States (Remote)
Back-End · Python
11 minutes ago
Within the past 24 hours
Easy Apply",https://www.linkedin.com/jobs/view/4054965876/
