Question,Answer
"how many years of work experience do you have with javascript?
enter a whole number between 0 and 99",3
how many years of work experience do you have with mysql?,3
how many years of work experience do you have with php?,3
"have you completed the following level of education: bachelor's degree?
have you completed the following level of education: bachelor's degree?
required
yes
no",Yes
how many years of work experience do you have with c++?,5
"how many years of work experience do you have with python (programming language)?
enter a whole number between 0 and 99",4
"are you willing to undergo a background check, in accordance with local law/regulations?
are you willing to undergo a background check, in accordance with local law/regulations?
required
yes
no",Yes
"by checking this box, you will declare that you read and agree to the smartrecruiters’ privacy policy and smartrecruiters  terms of use.
by checking this box, you will declare that you read and agree to the smartrecruiters’and smartrecruiters.
required
i agree terms & conditions
select checkbox to proceed",4
"how many years of work experience do you have with drupal?
enter a whole number between 0 and 99",6
"what is your work status: 1.us citizen, 2.permanent resident, 3.h1b, 4.opt, 5.other?
enter a decimal number larger than 0.0",4
how many years of work experience do you have with xamarin products?,5
how many years of work experience do you have with .net core?,4
"are you comfortable working in a remote setting?
are you comfortable working in a remote setting?
required
yes
no
please make a selection",Yes
how many years of work experience do you have with microsoft sql server?,5
"how many years of software development experience do you have?
enter a decimal number larger than 0.0",4
"this position requires us citizenship, not just authorization to work in the us. are you a us citizen? 
this position requires us citizenship, not just authorization to work in the us. are you a us citizen?
required
       select an option
       yes
       no
   please enter a valid answer",4
"how many years of mobile application development experience do you have?
enter a decimal number larger than 0.0",5
"are you comfortable working in a remote setting?
are you comfortable working in a remote setting?
required
yes
no",Yes
"how many years of work experience do you have with amazon ec2?
enter a whole number between 0 and 99",3
how many years of work experience do you have with microsoft azure?,6
how many years of work experience do you have with cobol?,3
"how many years of work experience do you have with ibm db2?
enter a whole number between 0 and 99",4
"how many years of work experience do you have with mainframe?
enter a whole number between 0 and 99",5
how many years of work experience do you have with java?,6
how many years of work experience do you have with apache spark?,5
how many years of work experience do you have with apache airflow?,6
"are you comfortable commuting to this job's location?
are you comfortable commuting to this job's location?
required
yes
no
please make a selection",Yes
"are you comfortable working in a hybrid setting?
are you comfortable working in a hybrid setting?
required
yes
no",Yes
"are you comfortable commuting to this job's location?
are you comfortable commuting to this job's location?
required
yes
no",Yes
"how many years of work experience do you have with ab initio?
enter a whole number between 0 and 99",6
"willing to work at nj location ?
willing to work at nj location ?
required
       select an option
       yes
       no
   please enter a valid answer",4
"how many years of work experience do you have with web development?
enter a whole number between 0 and 99",5
"how many years of work experience do you have with typescript?
enter a whole number between 0 and 99",6
how many years of information technology experience do you currently have?,5
"have you previously worked at a startup company? if so, which company and what was the scope of work that you were completing? 
have you previously worked at a startup company? if so, which company and what was the scope of work that you were completing?
required
       select an option
       yes
       no
   please enter a valid answer",Yes
"have you built a challenging react component? what made it complex? 
have you built a challenging react component? what made it complex?
required
       select an option
       yes
       no
   please enter a valid answer",Yes
how many years of work experience do you have with react.js?,6
how many years of work experience do you have with selenium?,5
"how many years of work experience do you have with large language models (llm)?
enter a whole number between 0 and 99",4
how many years of work experience do you have with snowflake?,4
how many years of work experience do you have with html5?,5
"are you comfortable working in an onsite setting?
are you comfortable working in an onsite setting?
required
yes
no",Yes
"how many years of work experience do you have with investment banking?
enter a whole number between 0 and 99",4
"have you completed the following level of education: master's degree?
have you completed the following level of education: master's degree?
required
yes
no",Yes
"are you already based in new york city or in a 20 miles radius?
are you already based in new york city or in a 20 miles radius?
required
       select an option
       yes
       no
   please enter a valid answer","Bronx, New York, United States"
"does your current employment status have any ability to be lost now or in the future?
does your current employment status have any ability to be lost now or in the future?
required
       select an option
       yes
       no
   please enter a valid answer",4
"what are your pronouns ?
what are your pronouns ?
       select an option
       she/her/hers
       he/him/his
       they/them/theirs
       ze/hir/hirs
       not listed",Yes
"if pronoun is selected as 'not listed', in the previous question, could you please specify
0/1,440
1440 maximum characters allowed.",4
"gender - gender, race and ethnicity (definitions)
gender - gender, race and ethnicity
required
       select an option
       male
       female
       prefer not to answer
   please make a selection",N/A
"race/ethnicity - gender, race and ethnicity (definitions)
race/ethnicity - gender, race and ethnicity
required
       select an option
       american indian or alaska native
       asian
       black or african american
       hispanic or latino
       native hawaiian or other pacific islander
       white
       two or more races
       prefer not to answer
   please make a selection",N/A
"do you have (or have a history/record of having) a disability? (definitions)
do you have (or have a history/record of having) a disability?
required
yes, i have a disability, or have had one in the past.
no, i do not have a disability and have not had one in the past.
i do not want to answer.
please make a selection",No
"are you a protected veteran? (definitions)
are you a protected veteran?
required
yes
no
prefer not to answer
please make a selection",N/A
"if pronoun is selected as 'not listed', in the previous question, could you please specify
1/1,440
1440 maximum characters allowed.",4
"gender - gender, race and ethnicity (definitions)
gender - gender, race and ethnicity
required
       select an option
       male
       female
       prefer not to answer",N/A
"race/ethnicity - gender, race and ethnicity (definitions)
race/ethnicity - gender, race and ethnicity
required
       select an option
       american indian or alaska native
       asian
       black or african american
       hispanic or latino
       native hawaiian or other pacific islander
       white
       two or more races
       prefer not to answer",N/A
how many years of work experience do you have with swift (programming language)?,3
how many years of work experience do you have with ios?,3
"are you ok with training placement?
are you ok with training placement?
required
       select an option
       yes
       no
   please enter a valid answer",Yes
"do you own a mac?
do you own a mac?
required
       select an option
       yes
       no
   please enter a valid answer",Yes
"how many years of work experience do you have with telon?
enter a whole number between 0 and 99",4
how many years of work experience do you have with cobol ii?,4
"how many years of work experience do you have with serena changeman?
enter a whole number between 0 and 99",6
how many years of work experience do you have with aws lambda?,4
"how many years of work experience do you have with postgresql?
enter a whole number between 0 and 99",4
how many years of work experience do you have with angularjs?,3
"require visa independent candidates only - w2 contract. are you willing to work on w2?
require visa independent candidates only - w2 contract. are you willing to work on w2?
required
       select an option
       yes
       no
   please enter a valid answer",Yes
"how many years of work experience do you have with elixir?
enter a whole number between 0 and 99",3
how many years of work experience do you have with ruby?,6
"will you now or in the future require sponsorship for employment visa status?
will you now or in the future require sponsorship for employment visa status?
required
yes
no
please make a selection",No
"will you now or in the future require sponsorship for employment visa status?
will you now or in the future require sponsorship for employment visa status?
required
yes
no",No
how many years of work experience do you have with c# in .net?,3
how many years of work experience do you have with rest apis?,6
how many years of work experience do you have with c#?,3
"do you have an active us government issued ts/sci security clearance?
do you have an active us government issued ts/sci security clearance?
required
       select an option
       yes
       no
   please enter a valid answer",Yes
"have you built/designed a pdf generation tool in the past?
have you built/designed a pdf generation tool in the past?
required
       select an option
       yes
       no
   please enter a valid answer",Yes
"linkedin url
please enter a valid answer",https://www.linkedin.com/in/daeshaun-morrison-bab77b176/
"city
city
please enter a valid answer","Bronx, New York, United States"
"city
city","Bronx, New York, United States"
personal website/github/portfolio,https://github.com/DMorrisonASC
"will you now, or in the future require sponsorship to legally work in the country where this role is based?
will you now, or in the future require sponsorship to legally work in the country where this role is based?
required
       select an option
       yes
       no
   please make a selection",No
"how did you hear about this job?
how did you hear about this job?
required
       select an option
       linkedin job post
       a recruiter reached out
       instagram post
       linkedin post
       facebook post
       twitter post
       glassdoor
       blind
       indeed (do we need this one?)
       other job board
       press/media coverage
       through a connection that works at cohesity
       on your website
   please make a selection",Other
"if you have worked for any of the following companies in the past two years, please select them:
if you have worked for any of the following companies in the past two years, please select them:
required
commvault
dell emc
rubrik
clumio
druva
varonis
veeam
veritas
i have not worked at any of these companies
please make a selection",4
please type in your current company,4
what is your role at your current company?,4
"if you have worked for any of the following companies in the past two years, please select them:
if you have worked for any of the following companies in the past two years, please select them:
required
commvault
dell emc
rubrik
clumio
druva
varonis
veeam
veritas
i have not worked at any of these companies",4
"are you willing to take a drug test, in accordance with local law/regulations?
are you willing to take a drug test, in accordance with local law/regulations?
required
yes
no
please make a selection",4
"are you willing to take a drug test, in accordance with local law/regulations?
are you willing to take a drug test, in accordance with local law/regulations?
required
yes
no",4
first name,Daeshaun
last name,Morrison
"phone country code
phone country code
required
       select an option
       united states (+1)
       afghanistan (+93)
       aland islands (+358)
       albania (+355)
       algeria (+213)
       american samoa (+1)
       andorra (+376)
       angola (+244)
       anguilla (+1)
       antarctica (+0)
       antigua and barbuda (+1)
       argentina (+54)
       armenia (+374)
       aruba (+297)
       australia (+61)
       austria (+43)
       azerbaijan (+994)
       bahamas (+1)
       bahrain (+973)
       bangladesh (+880)
       barbados (+1)
       belarus (+375)
       belgium (+32)
       belize (+501)
       benin (+229)
       bermuda (+1)
       bhutan (+975)
       bolivia (+591)
       bosnia and herzegovina (+387)
       botswana (+267)
       bouvet island (+0)
       brazil (+55)
       british indian ocean territory (+246)
       brunei darussalam (+673)
       bulgaria (+359)
       burkina faso (+226)
       burundi (+257)
       cambodia (+855)
       cameroon (+237)
       canada (+1)
       cape verde (+238)
       caribbean nations (+0)
       cayman islands (+1)
       central african republic (+236)
       chad (+235)
       chile (+56)
       china (+86)
       christmas island (+61)
       cocos (keeling) islands (+61)
       colombia (+57)
       comoros (+269)
       congo (+242)
       cook islands (+682)
       costa rica (+506)
       cote d’ivoire (ivory coast) (+225)
       croatia (+385)
       cuba (+53)
       cyprus (+357)
       czech republic (+420)
       democratic republic of the congo (+243)
       denmark (+45)
       djibouti (+253)
       dominica (+1)
       dominican republic (+1)
       ecuador (+593)
       egypt (+20)
       el salvador (+503)
       equatorial guinea (+240)
       eritrea (+291)
       estonia (+372)
       ethiopia (+251)
       falkland islands (malvinas) (+500)
       faroe islands (+298)
       federated states of micronesia (+691)
       fiji (+679)
       finland (+358)
       france (+33)
       french guiana (+594)
       french polynesia (+689)
       french southern territories (+0)
       gabon (+241)
       gambia (+220)
       georgia (+995)
       germany (+49)
       ghana (+233)
       gibraltar (+350)
       greece (+30)
       greenland (+299)
       grenada (+1)
       guadeloupe (+590)
       guam (+1)
       guatemala (+502)
       guernsey (+44)
       guinea (+224)
       guinea-bissau (+245)
       guyana (+592)
       haiti (+509)
       heard island and mcdonald islands (+0)
       honduras (+504)
       hong kong (+852)
       hungary (+36)
       iceland (+354)
       india (+91)
       indonesia (+62)
       iran (+98)
       iraq (+964)
       ireland (+353)
       isle of man (+44)
       israel (+972)
       italy (+39)
       jamaica (+1)
       japan (+81)
       jersey (+44)
       jordan (+962)
       kazakhstan (+7)
       kenya (+254)
       kiribati (+686)
       korea (+82)
       korea (north) (+850)
       kosovo (+383)
       kuwait (+965)
       kyrgyzstan (+996)
       laos (+856)
       latvia (+371)
       lebanon (+961)
       lesotho (+266)
       liberia (+231)
       libya (+218)
       liechtenstein (+423)
       lithuania (+370)
       luxembourg (+352)
       macao (+853)
       macedonia (+389)
       madagascar (+261)
       malawi (+265)
       malaysia (+60)
       maldives (+960)
       mali (+223)
       malta (+356)
       marshall islands (+692)
       martinique (+596)
       mauritania (+222)
       mauritius (+230)
       mayotte (+262)
       mexico (+52)
       moldova (+373)
       monaco (+377)
       mongolia (+976)
       montenegro (+382)
       montserrat (+1)
       morocco (+212)
       mozambique (+258)
       myanmar (+95)
       namibia (+264)
       nauru (+674)
       nepal (+977)
       netherlands (+31)
       netherlands antilles (+0)
       new caledonia (+687)
       new zealand (+64)
       nicaragua (+505)
       niger (+227)
       nigeria (+234)
       niue (+683)
       norfolk island (+672)
       northern mariana islands (+1)
       norway (+47)
       pakistan (+92)
       palau (+680)
       palestinian territory (+970)
       panama (+507)
       papua new guinea (+675)
       paraguay (+595)
       peru (+51)
       philippines (+63)
       pitcairn (+0)
       poland (+48)
       portugal (+351)
       puerto rico (+1)
       qatar (+974)
       reunion (+262)
       romania (+40)
       russian federation (+7)
       rwanda (+250)
       s. georgia and s. sandwich islands (+0)
       saint helena (+290)
       saint kitts and nevis (+1)
       saint lucia (+1)
       saint pierre and miquelon (+508)
       saint vincent and the grenadines (+1)
       samoa (+685)
       san marino (+378)
       sao tome and principe (+239)
       saudi arabia (+966)
       senegal (+221)
       serbia (+381)
       serbia and montenegro (+0)
       seychelles (+248)
       sierra leone (+232)
       singapore (+65)
       slovak republic (+421)
       slovenia (+386)
       solomon islands (+677)
       somalia (+252)
       south africa (+27)
       south sudan (+211)
       spain (+34)
       sri lanka (+94)
       sudan (+249)
       sultanate of oman (+968)
       suriname (+597)
       svalbard and jan mayen (+47)
       swaziland (+268)
       sweden (+46)
       switzerland (+41)
       syria (+963)
       taiwan (+886)
       tajikistan (+992)
       tanzania (+255)
       thailand (+66)
       timor-leste (+670)
       togo (+228)
       tokelau (+690)
       tonga (+676)
       trinidad and tobago (+1)
       tunisia (+216)
       turkey (+90)
       turkmenistan (+993)
       turks and caicos islands (+1)
       tuvalu (+688)
       uganda (+256)
       ukraine (+380)
       united arab emirates (+971)
       united kingdom (+44)
       uruguay (+598)
       uzbekistan (+998)
       vanuatu (+678)
       vatican city state (holy see) (+39)
       venezuela (+58)
       vietnam (+84)
       virgin islands (british) (+1)
       virgin islands (u.s.) (+1)
       wallis and futuna (+681)
       western sahara (+212)
       yemen (+967)
       zambia (+260)
       zimbabwe (+263)","Bronx, New York, United States"
mobile phone number,4
"email address
email address
required
       select an option
       daeshaunkmorrison@gmail.com","Bronx, New York, United States"
"address
please enter a valid answer","Bronx, New York, United States"
"phone country code
phone country code
required
       select an option
       united states (+1)
       afghanistan (+93)
       aland islands (+358)
       albania (+355)
       algeria (+213)
       american samoa (+1)
       andorra (+376)
       angola (+244)
       anguilla (+1)
       antarctica (+0)
       antigua and barbuda (+1)
       argentina (+54)
       armenia (+374)
       aruba (+297)
       australia (+61)
       austria (+43)
       azerbaijan (+994)
       bahamas (+1)
       bahrain (+973)
       bangladesh (+880)
       barbados (+1)
       belarus (+375)
       belgium (+32)
       belize (+501)
       benin (+229)
       bermuda (+1)
       bhutan (+975)
       bolivia (+591)
       bosnia and herzegovina (+387)
       botswana (+267)
       bouvet island (+0)
       brazil (+55)
       british indian ocean territory (+246)
       brunei darussalam (+673)
       bulgaria (+359)
       burkina faso (+226)
       burundi (+257)
       cambodia (+855)
       cameroon (+237)
       canada (+1)
       cape verde (+238)
       caribbean nations (+0)
       cayman islands (+1)
       central african republic (+236)
       chad (+235)
       chile (+56)
       china (+86)
       christmas island (+61)
       cocos (keeling) islands (+61)
       colombia (+57)
       comoros (+269)
       congo (+242)
       cook islands (+682)
       costa rica (+506)
       cote d’ivoire (ivory coast) (+225)
       croatia (+385)
       cuba (+53)
       cyprus (+357)
       czech republic (+420)
       democratic republic of the congo (+243)
       denmark (+45)
       djibouti (+253)
       dominica (+1)
       dominican republic (+1)
       ecuador (+593)
       egypt (+20)
       el salvador (+503)
       equatorial guinea (+240)
       eritrea (+291)
       estonia (+372)
       ethiopia (+251)
       falkland islands (malvinas) (+500)
       faroe islands (+298)
       federated states of micronesia (+691)
       fiji (+679)
       finland (+358)
       france (+33)
       french guiana (+594)
       french polynesia (+689)
       french southern territories (+0)
       gabon (+241)
       gambia (+220)
       georgia (+995)
       germany (+49)
       ghana (+233)
       gibraltar (+350)
       greece (+30)
       greenland (+299)
       grenada (+1)
       guadeloupe (+590)
       guam (+1)
       guatemala (+502)
       guernsey (+44)
       guinea (+224)
       guinea-bissau (+245)
       guyana (+592)
       haiti (+509)
       heard island and mcdonald islands (+0)
       honduras (+504)
       hong kong (+852)
       hungary (+36)
       iceland (+354)
       india (+91)
       indonesia (+62)
       iran (+98)
       iraq (+964)
       ireland (+353)
       isle of man (+44)
       israel (+972)
       italy (+39)
       jamaica (+1)
       japan (+81)
       jersey (+44)
       jordan (+962)
       kazakhstan (+7)
       kenya (+254)
       kiribati (+686)
       korea (+82)
       korea (north) (+850)
       kosovo (+383)
       kuwait (+965)
       kyrgyzstan (+996)
       laos (+856)
       latvia (+371)
       lebanon (+961)
       lesotho (+266)
       liberia (+231)
       libya (+218)
       liechtenstein (+423)
       lithuania (+370)
       luxembourg (+352)
       macao (+853)
       macedonia (+389)
       madagascar (+261)
       malawi (+265)
       malaysia (+60)
       maldives (+960)
       mali (+223)
       malta (+356)
       marshall islands (+692)
       martinique (+596)
       mauritania (+222)
       mauritius (+230)
       mayotte (+262)
       mexico (+52)
       moldova (+373)
       monaco (+377)
       mongolia (+976)
       montenegro (+382)
       montserrat (+1)
       morocco (+212)
       mozambique (+258)
       myanmar (+95)
       namibia (+264)
       nauru (+674)
       nepal (+977)
       netherlands (+31)
       netherlands antilles (+0)
       new caledonia (+687)
       new zealand (+64)
       nicaragua (+505)
       niger (+227)
       nigeria (+234)
       niue (+683)
       norfolk island (+672)
       northern mariana islands (+1)
       norway (+47)
       pakistan (+92)
       palau (+680)
       palestinian territory (+970)
       panama (+507)
       papua new guinea (+675)
       paraguay (+595)
       peru (+51)
       philippines (+63)
       pitcairn (+0)
       poland (+48)
       portugal (+351)
       puerto rico (+1)
       qatar (+974)
       reunion (+262)
       romania (+40)
       russian federation (+7)
       rwanda (+250)
       s. georgia and s. sandwich islands (+0)
       saint helena (+290)
       saint kitts and nevis (+1)
       saint lucia (+1)
       saint pierre and miquelon (+508)
       saint vincent and the grenadines (+1)
       samoa (+685)
       san marino (+378)
       sao tome and principe (+239)
       saudi arabia (+966)
       senegal (+221)
       serbia (+381)
       serbia and montenegro (+0)
       seychelles (+248)
       sierra leone (+232)
       singapore (+65)
       slovak republic (+421)
       slovenia (+386)
       solomon islands (+677)
       somalia (+252)
       south africa (+27)
       south sudan (+211)
       spain (+34)
       sri lanka (+94)
       sudan (+249)
       sultanate of oman (+968)
       suriname (+597)
       svalbard and jan mayen (+47)
       swaziland (+268)
       sweden (+46)
       switzerland (+41)
       syria (+963)
       taiwan (+886)
       tajikistan (+992)
       tanzania (+255)
       thailand (+66)
       timor-leste (+670)
       togo (+228)
       tokelau (+690)
       tonga (+676)
       trinidad and tobago (+1)
       tunisia (+216)
       turkey (+90)
       turkmenistan (+993)
       turks and caicos islands (+1)
       tuvalu (+688)
       uganda (+256)
       ukraine (+380)
       united arab emirates (+971)
       united kingdom (+44)
       uruguay (+598)
       uzbekistan (+998)
       vanuatu (+678)
       vatican city state (holy see) (+39)
       venezuela (+58)
       vietnam (+84)
       virgin islands (british) (+1)
       virgin islands (u.s.) (+1)
       wallis and futuna (+681)
       western sahara (+212)
       yemen (+967)
       zambia (+260)
       zimbabwe (+263)
   please enter a valid answer","Bronx, New York, United States"
"email address
email address
required
       select an option
       daeshaunkmorrison@gmail.com
   please enter a valid answer","Bronx, New York, United States"
"have you completed the following level of education: bachelor's in computer science?
have you completed the following level of education: bachelor's in computer science?
required
       select an option
       yes
       no
   please enter a valid answer",Yes
"do you have previous work experience with backend systems, connectors, search, or other infrastructure?
do you have previous work experience with backend systems, connectors, search, or other infrastructure?
required
       select an option
       yes
       no
   please enter a valid answer",Yes
"would you like to receive emails, text messages, or phone calls about this job and other matching opportunities?
would you like to receive emails, text messages, or phone calls about this job and other matching opportunities?
required
       select an option
       yes
       no
   please enter a valid answer",4
"required
       select an option
       yes, i submitted the form to give augment jobs my job preferences.
       no, i did not submit the form and do not want support in my job search
   please make a selection",N/A
"can you do hybrid from any of these locations?: ca, tx, tn, in, oh?
can you do hybrid from any of these locations?: ca, tx, tn, in, oh?
required
       select an option
       yes
       no
   please enter a valid answer",4
"do you have experience with ci/cd? mentioned in your resume?
do you have experience with ci/cd? mentioned in your resume?
required
       select an option
       yes
       no
   please enter a valid answer",Yes
"do you have experience with python? mentioned in your resume?
do you have experience with python? mentioned in your resume?
required
       select an option
       yes
       no
   please enter a valid answer",Yes
how many years of work experience do you have with core java?,3
"kindly let me know you current work authorization? 1. us citizen 2. green card holder 3. ead (gc, l2, opt, h4) 4. others
enter a decimal number larger than 0.0",4
"how many years of work experience do you have with amazon web services (aws)?
enter a whole number between 0 and 99",5
"how many years of work experience do you have with denodo platform?
enter a whole number between 0 and 99",3
how many years of work experience do you have with sql?,6
"¿cuántos años de experiencia tienes con goldengate?
introduce un número de whole entre 0 y 99",4
how many years of work experience do you have with node.js?,3
"how many years of work experience do you have with graphql?
enter a whole number between 0 and 99",4
"how many years of work experience do you have with micro frontend ?
enter a decimal number larger than 0.0",4
"have you moved monolithic application to micro front end ?
have you moved monolithic application to micro front end ?
required
       select an option
       yes
       no
   please enter a valid answer",Yes
"can you work on w2 ?
can you work on w2 ?
required
       select an option
       yes
       no
   please enter a valid answer",4
"how many years experience do you have in pv or bess?
enter a decimal number larger than 0.0",4
"do you have experience performing power factor, insulation resistance, and dissolved gas analysis?
do you have experience performing power factor, insulation resistance, and dissolved gas analysis?
required
       select an option
       yes
       no
   please enter a valid answer",Yes
how many years of work experience do you have with databases?,5
how many years of work experience do you have with google cloud platform (gcp)?,6
"how many years of start-up experience do you have?
enter a decimal number larger than 0.0",3
"how many years of work experience do you have with fastapi?
enter a whole number between 0 and 99",6
how many years of work experience do you have with jquery?,6
how many years of work experience do you have with xml?,5
"how many years of work experience do you have with mortgage-backed securities (mbs)?
enter a whole number between 0 and 99",4
"how many years of help desk or desktop support do you have?
enter a decimal number larger than 0.0",5
"are you comfortable working onsite in manhattan, ny?
are you comfortable working onsite in manhattan, ny?
required
       select an option
       yes
       no
   please enter a valid answer",Yes
"how many years of work experience do you have with c (programming language)?
enter a whole number between 0 and 99",5
how many years of work experience do you have with html?,6
"how many years of work experience do you have with microservices
enter a decimal number larger than 0.0",5
"how many years of work experience do you have with agile
enter a decimal number larger than 0.0",3
"how many years of work experience do you have with azure devops
enter a decimal number larger than 0.0",4
"how many years of work experience do you have with product information management?
enter a whole number between 0 and 99",4
"how many years of software engineering management experience do you have?
enter a decimal number larger than 0.0",5
"how many years of ui/ux experience do you have?
enter a decimal number larger than 0.0",3
"do you have any direct riversand pim experience?
enter a decimal number larger than 0.0",Yes
how many years of work experience do you have with product information management?,5
how many years of software engineering management experience do you have?,5
how many years of ui/ux experience do you have?,4
how many years of software development experience do you have?,5
"what is your university grade point average (4.0 gpa scale)?
enter a decimal number between 0.0 and 5.0",4
"are you a us citizen?
are you a us citizen?
required
       select an option
       yes
       no
   please enter a valid answer",Yes
"how many years of work experience do you have with accident insurance?
enter a whole number between 0 and 99",6
"""will work onsite on w2 contract.""
""will work onsite on w2 contract.""
required
       select an option
       yes
       no
   please enter a valid answer",4
"how many years of work experience do you have with microsoft exchange?
enter a whole number between 0 and 99",3
"how many years of relevant experience do you have?
enter a decimal number between 0.0 and 9.9999998e12",4
"what is the highest level of education that you have completed?
please enter a valid answer",4
cover letter,4
"are you authorized to work in the united states?
are you authorized to work in the united states?
required
yes
no
please make a selection",4
"we are an equal opportunity employer and are committed to excellence through diversity. by affixing your name and submitting your resume or completing this application, you certify that the information you have provided is true and complete to the best of your knowledge. if this application leads to employment, you understand that false or misleading information in your application or interview may result in your employment being terminated.
please enter a valid answer",4
"how many years of work experience do you have with study data tabulation model (sdtm)?
enter a whole number between 0 and 99",6
"how many years of work experience do you have with biostatistics?
enter a whole number between 0 and 99",3
"how many years of work experience do you have with clinical trial analysis?
enter a whole number between 0 and 99",6
"city
city
new york, united states
new york city metropolitan area
new york, new york, united states
new delhi, delhi, india
new zealand
new south wales, australia
kings county, new york, united states
brooklyn, new york, united states
albany, new york metropolitan area
10001, new york, new york, united states
rochester, new york metropolitan area
nassau county, new york, united states
greater sydney area
suffolk county, new york, united states
bronx, new york, united states
erie county, new york, united states
bronx county, new york, united states
greater new orleans region
westchester county, new york, united states
new brunswick, canada
please enter a valid answer","Bronx, New York, United States"
"city
city
bronx, new york, united states
bronx county, new york, united states
bron, auvergne-rhône-alpes, france
bronxville, new york, united states
bronte, new south wales, australia
bronckhorst, gelderland, netherlands
10467, bronx, new york, united states
10459, bronx, new york, united states
10462, bronx, new york, united states
69500, bron, auvergne-rhône-alpes, france
10456, bronx, new york, united states
10458, bronx, new york, united states
10466, bronx, new york, united states
bronte, sicily, italy
10452, bronx, new york, united states
10463, bronx, new york, united states
10453, bronx, new york, united states
10469, bronx, new york, united states
10468, bronx, new york, united states
10451, bronx, new york, united states
please enter a valid answer","Bronx, New York, United States"
"city
city
bronx, new york, united states
bronx county, new york, united states
10467, bronx, new york, united states
10459, bronx, new york, united states
10462, bronx, new york, united states
10456, bronx, new york, united states
10458, bronx, new york, united states
10466, bronx, new york, united states
10452, bronx, new york, united states
10463, bronx, new york, united states
10453, bronx, new york, united states
10469, bronx, new york, united states
10468, bronx, new york, united states
10451, bronx, new york, united states
10457, bronx, new york, united states
10473, bronx, new york, united states
10461, bronx, new york, united states
10472, bronx, new york, united states
10460, bronx, new york, united states
10475, bronx, new york, united states
please enter a valid answer","Bronx, New York, United States"
"do you have experience with core image?
do you have experience with core image?
required
       select an option
       yes
       no
   please enter a valid answer",Yes
how many years of work experience do you have with cascading style sheets (css)?,4
how many years of work experience do you have with r (programming language)?,5
how many years of work experience do you have with microsoft powerpoint?,5
"how many years of work experience do you have with visio?
enter a whole number between 0 and 99",5
"how many years of work experience do you have with marketing?
enter a whole number between 0 and 99",5
"how many years of work experience do you have with product development?
enter a whole number between 0 and 99",5
"how many years of work experience do you have with point of sale (pos) systems?
enter a whole number between 0 and 99",6
"are you able to work on w2?
are you able to work on w2?
required
       select an option
       yes
       no
   please enter a valid answer",Yes
"male
female
decline to answer",4
"race
race
required
       select an option
       decline to answer
       hispanic or latino
       white, not hispanic or latino
       black or african-american, not hispanic or latino
       asian, not hispanic or latino
       native hawaiian or other pacific islander, not hispanic or latino
       american indian or alaskan native, not hispanic or latino
       two or more races, not hispanic or latino",White
"i identify as one or more of the classifications of protected veteran listed above
i am not a protected veteran
i don't wish to answer",I am not
"yes, i have a disability, or have a history/record of having a disability
no, i don't have a disability, or a history/record of having a disability
i don't wish to answer",4
your name,4
,4
"race
race
required
       select an option
       decline to answer
       hispanic or latino
       white, not hispanic or latino
       black or african-american, not hispanic or latino
       asian, not hispanic or latino
       native hawaiian or other pacific islander, not hispanic or latino
       american indian or alaskan native, not hispanic or latino
       two or more races, not hispanic or latino
   please enter a valid answer",White
"how many years of work experience do you have with jakarta xml binding (jaxb)?
enter a whole number between 0 and 99",4
"how many years of work experience do you have with airlines?
enter a whole number between 0 and 99",6
how many years of work experience do you have with perl?,4
"how many years of work experience do you have with windows?
enter a whole number between 0 and 99",6
"how many years of hands-on experience do you have with altera/allscripts data model (v22.1), specifically sunrise/cloud?
enter a decimal number larger than 0.0",6
"do you have experience in cloudian and cloud-based data systems?
do you have experience in cloudian and cloud-based data systems?
required
       select an option
       yes
       no
   please enter a valid answer",Yes
how many years of work experience do you have with test automation?,5
"how many years of work experience do you have with test automation frameworks?
enter a whole number between 0 and 99",5
"how many years of work experience do you have with test automation tools?
enter a whole number between 0 and 99",5
how many years of work experience do you have with powershell?,4
"are you legally authorised to work in the country?
are you legally authorised to work in the country?
required
       select an option
       yes
       no
   please enter a valid answer",Yes
how many years of work experience do you have with drupal?,5
"how many years of work experience do you have with css3?
enter a decimal number larger than 0.0",3
"how many years of work experience do you have with acquia drupal platform?
enter a decimal number larger than 0.0",5
"how many years of work experience do you have with gitlab?
enter a decimal number larger than 0.0",3
"how many years of work experience do you have with bitbucket?
enter a decimal number larger than 0.0",4
"how many years of work experience do you have with twig?
enter a decimal number larger than 0.0",4
"are you able to work on a w2? (we do not do c2c)
are you able to work on a w2? (we do not do c2c)
required
       select an option
       yes
       no
   please enter a valid answer",Yes
"do you have a valid driver's license?
do you have a valid driver's license?
required
yes
no",Yes
"how many years of work experience do you have with chatgpt?
enter a whole number between 0 and 99",4
,4
"what are your pronouns?
what are your pronouns?
he/him
she/her
they/them
name only
other/neopronouns (enter below)",Yes
"other/neopronouns, please list here",4
"we are committed to ensuring that individuals with disabilities have equitable access to timely, accurate, and contextually relevant information. it is imperative that they can make informed decisions based on this information and are empowered to participate meaningfully and provide feedback. we believe in prioritizing accessibility in our communication practices to achieve these goals. to facilitate this, we kindly ask you to specify your communication preferences to ensure that information reaches you in a format that suits your needs. your input will help us tailor our communication methods to better serve you.",N/A
"how many years of work experience do you have with ibm mainframe?
enter a whole number between 0 and 99",6
how many years of work experience do you have with job control language (jcl)?,4
"how many years of work experience do you have with cerner?
enter a whole number between 0 and 99",4
"how many years of work experience do you have with electronic health records (ehr)?
enter a whole number between 0 and 99",3
"how many years of work experience do you have with cross-functional team leadership?
enter a whole number between 0 and 99",5
"how many years of work experience do you have with kotlin?
enter a whole number between 0 and 99",5
how many years of work experience do you have with android?,4
"are you looking to work corp-to-corp (c2c)?
are you looking to work corp-to-corp (c2c)?
required
       select an option
       yes
       no
   please enter a valid answer",Yes
"how many years of work experience do you have with data validation?
enter a whole number between 0 and 99",5
how many years of work experience do you have with machine learning?,4
"the position requires the candidate to work on w2. will you be able to work on w2?
the position requires the candidate to work on w2. will you be able to work on w2?
required
       select an option
       yes
       no
   please enter a valid answer",4
,4
"only gc and usc
only gc and usc
required
       select an option
       yes
       no
   please enter a valid answer",4
"do you have how many years experience into java full stack developer with react & azure?
do you have how many years experience into java full stack developer with react & azure?
required
       select an option
       yes
       no
   please enter a valid answer",3
"please do not apply by any third party and its full time 
please do not apply by any third party and its full time
required
       select an option
       yes
       no
   please enter a valid answer",4
"look for strong back-end development along front end react development (70% backend, 30% front end)
look for strong back-end development along front end react development (70% backend, 30% front end)
required
       select an option
       yes
       no
   please enter a valid answer",4
"need strong experience in kubernetes, redis, caches try to get azure environment.
need strong experience in kubernetes, redis, caches try to get azure environment.
required
       select an option
       yes
       no
   please enter a valid answer",4
"are you willing to work onsite memphis, tn / charlotte, nc? 
are you willing to work onsite memphis, tn / charlotte, nc?
required
       select an option
       yes
       no
   please enter a valid answer",Yes
"how many years of work experience do you have with allscripts?
enter a whole number between 0 and 99",4
"how many years of work experience do you have with sunrise clinical manager?
enter a whole number between 0 and 99",3
"how many years of work experience do you have with data modeling?
enter a whole number between 0 and 99",3
"how many years of experience do you have providing technical support to implement, upgrade or maintain peoplesoft erp systems?
enter a decimal number larger than 0.0",5
"how many years of experience do you have implementing/upgrading or maintaining a state of texas peoplesoft finance system?
enter a decimal number larger than 0.0",6
"how many years of experience do you have creating, maintaining and updating system and configuration specific documentation?
enter a decimal number larger than 0.0",4
"how proficient are you in system design? pl rate yourself out of 10.
enter a decimal number larger than 0.0",Yes
"how many years of experience do you have with typescript
enter a decimal number larger than 0.0",4
"how many years of experience do you have in creating a fast prototype, where you had to get mvp out quickly?
enter a decimal number larger than 0.0",4
"what is your expected compensation?
enter a decimal number larger than 0.0",4
how many years of work experience do you have with postgresql?,5
how many years of work experience do you have with python (programming language)?,4
how many years of experience do you have with typescript,6
"how many years of experience do you have in creating a fast prototype, where you had to get mvp out quickly?",3
what is your expected compensation?,4
"how many years of work experience do you have with mlops?
enter a whole number between 0 and 99",3
how many years of work experience do you have with kubernetes?,5
"how did you hear that cai is hiring?
how did you hear that cai is hiring?
required
       select an option
       linkedin
       indeed
       cai careers page
       cai referral
       facebook
       glassdoor
       ziprecruiter
       monster
       talent.com
       myjobhelper
       adzuna
       jora
       jooble
       handshake
       google keyword search
       other
   please make a selection",Other
"are you pursuing a role in data engineering or related to software functions?
are you pursuing a role in data engineering or related to software functions?
required
yes
no
please make a selection",Yes
"please select the correct number of levels of commissioning
please select the correct number of levels of commissioning
required
4
5
6
7
please make a selection",4
"are you pursuing a role in data engineering or related to software functions?
are you pursuing a role in data engineering or related to software functions?
required
yes
no",Yes
"please select the correct number of levels of commissioning
please select the correct number of levels of commissioning
required
4
5
6
7",4
"please use the listed options below to identify your current employment status. note: cai does not provide sponsorship at this time.
please use the listed options below to identify your current employment status. note: cai does not provide sponsorship at this time.
required
us citizen
green card holder/us permanent citizen
canadian citizen
mexican citizen
other - need sponsorship
please make a selection",Yes
"please use the listed options below to identify your current employment status. note: cai does not provide sponsorship at this time.
please use the listed options below to identify your current employment status. note: cai does not provide sponsorship at this time.
required
us citizen
green card holder/us permanent citizen
canadian citizen
mexican citizen
other - need sponsorship",Yes
"why are you seeking a new position?
please enter a valid answer",Good glassdoor reviews and the workers I talked to love their jobs
"when are you available to start a new position?
when are you available to start a new position?
required
immediately
2 weeks
30 days
6 weeks or longer
please make a selection",Yes
"when are you available to start a new position?
when are you available to start a new position?
required
immediately
2 weeks
30 days
6 weeks or longer",Yes
"are you willing to work weekends if/when required by the position? (reasonable accommodations will be made for religious requirements)
are you willing to work weekends if/when required by the position? (reasonable accommodations will be made for religious requirements)
required
yes
no
please make a selection",Yes
"are you willing to work weekends if/when required by the position? (reasonable accommodations will be made for religious requirements)
are you willing to work weekends if/when required by the position? (reasonable accommodations will be made for religious requirements)
required
yes
no",Yes
"current address: street, apt#
please enter a valid answer","Bronx, New York, United States"
"current address: city, state zip code
please enter a valid answer","Bronx, New York, United States"
"how many years of relevant work experience do you have?
how many years of relevant work experience do you have?
required
entry level - 2 years
2-4 years
4-8 years
8-12 years
12-16 years
16-20+ years
please make a selection",4
"how many years of relevant work experience do you have?
how many years of relevant work experience do you have?
required
entry level - 2 years
2-4 years
4-8 years
8-12 years
12-16 years
16-20+ years",4
"do you currently have a valid passport?
do you currently have a valid passport?
required
yes
no
please make a selection",Yes
"are you willing to relocate if necessary?
are you willing to relocate if necessary?
required
yes
no
please make a selection",Yes
"regarding travel, how much would you be willing to do? travel may include 75%+ travel, monthly to yearly client site commitments, and/or international travel.
regarding travel, how much would you be willing to do? travel may include 75%+ travel, monthly to yearly client site commitments, and/or international travel.
required
25%
50%
75%
100%
please make a selection",4
"do you currently have a valid passport?
do you currently have a valid passport?
required
yes
no",Yes
"are you willing to relocate if necessary?
are you willing to relocate if necessary?
required
yes
no",Yes
"regarding travel, how much would you be willing to do? travel may include 75%+ travel, monthly to yearly client site commitments, and/or international travel.
regarding travel, how much would you be willing to do? travel may include 75%+ travel, monthly to yearly client site commitments, and/or international travel.
required
25%
50%
75%
100%",4
"are you fluent (written & verbal) in english?
are you fluent (written & verbal) in english?
required
yes
no
please make a selection",4
"are you fluent (written & verbal) in english?
are you fluent (written & verbal) in english?
required
yes
no",4
"do you have recent life/70 - lookup mainframe software experience?
do you have recent life/70 - lookup mainframe software experience?
required
       select an option
       yes
       no
   please enter a valid answer",Yes
how many years of work experience do you have with tableau?,3
how many years of work experience do you have with marketing?,4
"how many years of work experience do you have with data engineering?
enter a whole number between 0 and 99",3
how many years of work experience do you have with salesforce.com?,5
"how many years of work experience do you have with test management?
enter a whole number between 0 and 99",4
"it's w2 role. only gc and usc can apply 
it's w2 role. only gc and usc can apply
required
       select an option
       yes
       no
   please enter a valid answer",4
"how many years of work experience do you have with azure api management?
enter a whole number between 0 and 99",3
"how many years of work experience do you have with event management?
enter a whole number between 0 and 99",4
how many years of work experience do you have with docker products?,3
how many years of work experience do you have with .net framework?,3
"do you have expertise in typescript and full-stack development.
do you have expertise in typescript and full-stack development.
required
       select an option
       yes
       no
   please enter a valid answer",Yes
"do you have hands-on experience and solid understanding of microservices architecture and apis.
do you have hands-on experience and solid understanding of microservices architecture and apis.
required
       select an option
       yes
       no
   please enter a valid answer",Yes
"• strong sql skills and experience with rdbms (e.g., sql server, postgresql).
• strong sql skills and experience with rdbms (e.g., sql server, postgresql).
required
       select an option
       yes
       no
   please enter a valid answer",4
"do you have the following license or certification: professional engineer (pe)?
do you have the following license or certification: professional engineer (pe)?
required
yes
no
please make a selection",Yes
how many years of engineering experience do you currently have?,3
"do you have the following license or certification: professional engineer (pe)?
do you have the following license or certification: professional engineer (pe)?
required
yes
no",Yes
"how many years of work experience do you have with ncarb?
enter a whole number between 0 and 99",3
"how many years of work experience do you have with working experience?
enter a whole number between 0 and 99",3
"how many years of analyst experience do you currently have?
enter a whole number between 0 and 99",3
"how many years of work experience do you have with foxpro?
enter a whole number between 0 and 99",3
"how many years of experience do you have in cross functional team lead?
enter a decimal number larger than 0.0",6
"how many years of experience do you have in rest apis?
enter a decimal number larger than 0.0",4
"how many years of banking experience do you currently have ?
enter a decimal number larger than 0.0",6
"how many years of work experience do you have with human capital management?
enter a whole number between 0 and 99",3
how many years of work experience do you have with delphi?,6
"how many years of work experience do you have with business process?
enter a whole number between 0 and 99",6
"how many years of work experience do you have with appian?
enter a whole number between 0 and 99",5
"are you open to work 2-3 days per week hybrid at park avenue, ny?
are you open to work 2-3 days per week hybrid at park avenue, ny?
required
       select an option
       yes
       no
   please enter a valid answer",Yes
"do you have 2+ years of experience working with snowflake, preferably in azure cloud?
do you have 2+ years of experience working with snowflake, preferably in azure cloud?
required
       select an option
       yes
       no
   please enter a valid answer",Yes
"do you have experience working within a hospital setting/office/company?
do you have experience working within a hospital setting/office/company?
required
       select an option
       yes
       no
   please enter a valid answer",Yes
"do you have over 8 years of experience in data integration, as well as skills using integration tools like dbt and/or adf?
do you have over 8 years of experience in data integration, as well as skills using integration tools like dbt and/or adf?
required
       select an option
       yes
       no
   please enter a valid answer",Yes
"do you have experience with sap ariba
do you have experience with sap ariba
required
       select an option
       yes
       no
   please enter a valid answer",Yes
"experience with supply chain
experience with supply chain
required
       select an option
       yes
       no
   please enter a valid answer",4
"experience with procure to pay
experience with procure to pay
required
       select an option
       yes
       no
   please enter a valid answer",4
"how many years of work experience do you have with workday?
enter a decimal number larger than 0.0",6
"how many peoplesoft to workday data migration projects have you led?
enter a decimal number larger than 0.0",Yes
"have you worked snowflake as a data warehouse tool? 
have you worked snowflake as a data warehouse tool?
required
       select an option
       yes
       no
   please enter a valid answer",Yes
how many years of work experience do you have with workday?,4
"have you worked snowflake as a data warehouse tool? 
have you worked snowflake as a data warehouse tool?
required
       select an option
       yes
       no",Yes
how many peoplesoft to workday data migration projects have you led?,Yes
"how many years of work experience do you have with sitecore?
enter a whole number between 0 and 99",5
how many years of work experience do you have with relational databases?,3
"are you open for w2?
are you open for w2?
required
       select an option
       yes
       no
   please enter a valid answer",Yes
"total years of it experience
enter a decimal number larger than 0.0",4
"do you have any sample work? if so, please send it to: nilesh.kumar.professional@gmail.com
do you have any sample work? if so, please send it to: nilesh.kumar.professional@gmail.com
required
       select an option
       yes
       no
   please enter a valid answer",Yes
"this role is only for volunteer? [please keep in mind, before applying]
this role is only for volunteer? [please keep in mind, before applying]
required
       select an option
       yes
       no
   please enter a valid answer",4
"have you ever developed a tool website before?
have you ever developed a tool website before?
required
       select an option
       yes
       no
   please enter a valid answer",Yes
"blue prism
enter a decimal number larger than 0.0",4
"power automate
enter a decimal number larger than 0.0",4
"are you currently located in any of these states ?? ny, nj, nh, ct, vt, ma me, pa, md, va, ri, d.c.
are you currently located in any of these states ?? ny, nj, nh, ct, vt, ma me, pa, md, va, ri, d.c.
required
       select an option
       yes
       no
   please enter a valid answer",Yes
"how many years of experience do you have in roku development?
enter a decimal number larger than 0.0",3
"what is your level of proficiency in spanish?
what is your level of proficiency in spanish?
required
       select an option
       none
       conversational
       professional
       native or bilingual
   please make a selection",4
"what is your level of proficiency in english?
what is your level of proficiency in english?
required
       select an option
       none
       conversational
       professional
       native or bilingual
   please make a selection",Native
how many years of work experience do you have with react native?,4
how many years of work experience do you have with spring framework?,4
"how many years of work experience do you have with soap?
enter a whole number between 0 and 99",5
how many years of work experience do you have with spring boot?,5
"experience migrating sql server to postgres?
experience migrating sql server to postgres?
required
       select an option
       yes
       no
   please enter a valid answer",4
"experience with big data tools: spark, kafka, etc.?
experience with big data tools: spark, kafka, etc.?
required
       select an option
       yes
       no
   please enter a valid answer",4
"experience with aws
enter a decimal number larger than 0.0",4
"experience writing sql queries and sp
enter a decimal number larger than 0.0",4
"how many years of sql server development experience?
enter a decimal number larger than 0.0",3
"how many years of postgres sql experience?
enter a decimal number larger than 0.0",6
"how many years of work experience do you have with django?
enter a whole number between 0 and 99",6
"are you physically located in the united states or the european union (eu)?
are you physically located in the united states or the european union (eu)?
required
       select an option
       yes
       no
   please enter a valid answer",Yes
"do you have a degree in mathematics, physics or software engineering?
do you have a degree in mathematics, physics or software engineering?
required
       select an option
       yes
       no
   please enter a valid answer",Yes
"do you have experience developing cloud-based applications (front and back-end)?
do you have experience developing cloud-based applications (front and back-end)?
required
       select an option
       yes
       no
   please enter a valid answer",Yes
"have you previously developed integrations with financial brokers?
have you previously developed integrations with financial brokers?
required
       select an option
       yes
       no
   please enter a valid answer",Yes
"fulltime tcs // onsite 
fulltime tcs // onsite
required
       select an option
       yes
       no
   please enter a valid answer",4
"do you have (or have a history/record of having) a disability? (definitions)
do you have (or have a history/record of having) a disability?
required
yes, i have a disability, or have had one in the past.
no, i do not have a disability and have not had one in the past.
i do not want to answer.",No
"are you a protected veteran? (definitions)
are you a protected veteran?
required
yes
no
prefer not to answer",N/A
"by checking this box, you will declare that you read and understand the turnitin, llc privacy policy, and the smartrecruiters privacy policy and smartrecruiters  terms of use.
by checking this box, you will declare that you read and understand the turnitin, llc, and the smartrecruitersand smartrecruiters.
required
i agree terms & conditions
select checkbox to proceed",4
"by checking this box, you will declare that you read and understand the turnitin, llc privacy policy, and the smartrecruiters privacy policy and smartrecruiters  terms of use.
by checking this box, you will declare that you read and understand the turnitin, llc, and the smartrecruitersand smartrecruiters.
required
i agree terms & conditions",4
"are you able to communicate both written and verbal fluently in english for business?
are you able to communicate both written and verbal fluently in english for business?
required
yes
no
please make a selection",Yes
"are you willing to undergo a background check?
are you willing to undergo a background check?
required
yes
no
please make a selection",Yes
"share your experience related to this role
0/1,440
1440 maximum characters allowed.
please enter a valid answer",Yes
"are you currently residing in the country of the advertised role?
are you currently residing in the country of the advertised role?
required
yes
no
please make a selection",Yes
"are you legally able to work in the country of the advertised role?
are you legally able to work in the country of the advertised role?
required
yes
no
please make a selection",Yes
"will you now or in the future require sponsorship to work in the country of the advertised role?
will you now or in the future require sponsorship to work in the country of the advertised role?
required
yes
no
please make a selection",No
"what certifications do you currently have or are you pursuing that are relevant to this position?
0/1,440
1440 maximum characters allowed.
please enter a valid answer",Yes
"do you have experience in edtech or saas environment?
do you have experience in edtech or saas environment?
required
yes
no
please make a selection",Yes
"how many years of work experience do you have with database applications?
enter a whole number between 0 and 99",3
"how many years of work experience do you have with database design?
enter a whole number between 0 and 99",3
"how many years of work experience do you have with database development?
enter a whole number between 0 and 99",4
how many years of work experience do you have with sitecore?,3
"please confirm you are aware this is a part-time role (20+ hours/a week) with flexible hours. 
please confirm you are aware this is a part-time role (20+ hours/a week) with flexible hours.
required
       select an option
       yes
       no
   please enter a valid answer",4
"do you have experience with v10.2?
do you have experience with v10.2?
required
       select an option
       yes
       no
   please enter a valid answer",Yes
"how many years of technical lead experience do you have?
enter a decimal number larger than 0.0",5
"how many years of work experience do you have with supply chain management?
enter a whole number between 0 and 99",3
"do you have a project management or related certification?
do you have a project management or related certification?
required
       select an option
       yes
       no
   please enter a valid answer",Yes
"synon?
enter a decimal number larger than 0.0",4
"cl in as400?
enter a decimal number larger than 0.0",4
"cobol/400?
enter a decimal number larger than 0.0",4
"rxclaim application background?
enter a decimal number larger than 0.0",4
"are you ready to work on full time role?
are you ready to work on full time role?
required
       select an option
       yes
       no
   please enter a valid answer",Yes
"are you ready to work 3 days/week onsite in jersey city, nj?
are you ready to work 3 days/week onsite in jersey city, nj?
required
       select an option
       yes
       no
   please enter a valid answer",Bronx
"do you have the following license or certification: scrum master certified?
do you have the following license or certification: scrum master certified?
required
yes
no
please make a selection",Yes
"how many years of financial services experience do you have?
enter a decimal number larger than 0.0",5
"do you have the following license or certification: scrum master certified?
do you have the following license or certification: scrum master certified?
required
yes
no",Yes
"how many years of work experience do you have with data warehouse architecture?
enter a whole number between 0 and 99",4
"how many years of work experience do you have with data architecture?
enter a whole number between 0 and 99",3
"this job requires regular in-person office attendance. are you comfortable commuting to the office on a regular basis?
this job requires regular in-person office attendance. are you comfortable commuting to the office on a regular basis?
required
yes
no
please make a selection",Yes
"how many years of software engineering experience do you have?
enter a decimal number larger than 0.0",5
"how many years of experience do you have in prioritizing tasks, managing stakeholders, and excelling in fast-paced environments with data-driven decision-making?
enter a decimal number larger than 0.0",5
"how many years of experience do you have in spearheading training and educational initiatives to promote collaboration and knowledge exchange among internal and external stakeholders?
enter a decimal number larger than 0.0",3
"how many years of experience do you have in directly engaging with clients to elicit requirements and ensure project objectives meet client expectations?
enter a decimal number larger than 0.0",6
"how many years of work experience do you have with python (programming language)?
enter a decimal number larger than 0.0",3
"how many years of experience do you have working with cloud platforms, particularly aws, for developing and deploying scalable applications?
enter a decimal number larger than 0.0",5
"this job requires regular in-person office attendance. are you comfortable commuting to the office on a regular basis?
this job requires regular in-person office attendance. are you comfortable commuting to the office on a regular basis?
required
yes
no",Yes
"how many years of work experience do you have with video playback?
enter a whole number between 0 and 99",5
"how many years of experience with javascript in node.js or deno?
enter a decimal number larger than 0.0",4
"how many years of experience with video playback technologies like mse/eme, hls, mpeg-dash, transport stream or cmaf?
enter a decimal number larger than 0.0",3
"can you work onsite in either new york, ny or seattle, wa?
can you work onsite in either new york, ny or seattle, wa?
required
       select an option
       yes
       no
   please enter a valid answer",4
"can you be considered on a w2 basis without sponsorship on day one of the assignment?
can you be considered on a w2 basis without sponsorship on day one of the assignment?
required
       select an option
       yes
       no
   please enter a valid answer",No
"how many years of experience deploying web applications in aws?
enter a decimal number larger than 0.0",5
how many years of work experience do you have with content management systems (cms)?,3
"how many years of work experience do you have with .net core?
enter a whole number between 0 and 99",3
"how did you hear about us? 
how did you hear about us?
required
       select an option
       company website
       linkedin
       indeed
       builtin
       referred by current employee
   please make a selection",Other
"do you have at least 5 years of professional, full-time software development experience (not including co-op or internships?) 
do you have at least 5 years of professional, full-time software development experience (not including co-op or internships?)
required
       select an option
       yes
       no
   please make a selection",Yes
"do you have 5 years of professional working experience with python and java?
do you have 5 years of professional working experience with python and java?
required
       select an option
       yes
       no
   please make a selection",Yes
"do you have experience working in an amazon web services environment? 
do you have experience working in an amazon web services environment?
required
       select an option
       yes
       no
   please make a selection",Yes
"do you have hands on experience with nosql or sql databases?
do you have hands on experience with nosql or sql databases?
required
       select an option
       yes
       no
   please make a selection",Yes
"do you have experience with kafka or other streaming technologies?
do you have experience with kafka or other streaming technologies?
required
       select an option
       yes
       no
   please make a selection",Yes
"are you eligible and legally able to work in the united states?
are you eligible and legally able to work in the united states?
required
       select an option
       yes
       no
   please make a selection",Yes
"do you now, or will you in the future require immigration sponsorship for work authorization?
do you now, or will you in the future require immigration sponsorship for work authorization?
required
       select an option
       yes
       no
   please make a selection",4
"are you at least 18 years of age? 
are you at least 18 years of age?
required
       select an option
       yes
       no
   please make a selection",Yes
"are you currently, or have you ever been, excluded from, debarred or otherwise ineligible to participate in state or federally funded programs (“government programs”) or federal healthcare programs as defined in 42 usc § 1320a-7b(f) (“federal programs”)?
are you currently, or have you ever been, excluded from, debarred or otherwise ineligible to participate in state or federally funded programs (“government programs”) or federal healthcare programs as defined in 42 usc § 1320a-7b(f) (“federal programs”)?
required
       select an option
       yes
       no
   please make a selection",I am not
"i understand that if i receive an offer of employment from cohere health that a background check that includes a criminal background check will be performed on my behalf.
i understand that if i receive an offer of employment from cohere health that a background check that includes a criminal background check will be performed on my behalf.
required
       select an option
       yes
       no
   please make a selection",No
"i have read the certification above and understand and agree to its terms. please type your name and the date.
please enter a valid answer",4
"how many years of professional experience do you have with react native?
enter a decimal number larger than 0.0",3
"how many years of professional experience do you have with typescript?
enter a decimal number larger than 0.0",4
"are you a us citizen or resident
are you a us citizen or resident
required
       select an option
       yes
       no
   please enter a valid answer",Yes
"are you able to be onboarded as an hourly w2 employee at the start of the contract?
are you able to be onboarded as an hourly w2 employee at the start of the contract?
required
       select an option
       yes
       no
   please enter a valid answer",40
"do you have 3+ years of c# .net experience?
do you have 3+ years of c# .net experience?
required
       select an option
       yes
       no
   please enter a valid answer",Yes
"this role is hybrid role, onsite in the nyc office. are you able to commute to nyc?
this role is hybrid role, onsite in the nyc office. are you able to commute to nyc?
required
       select an option
       yes
       no
   please enter a valid answer",Yes
"how many years of work experience do you have with angular?
enter a whole number between 0 and 99",3
"how many years of advertising services experience do you currently have?
enter a whole number between 0 and 99",6
how many years of work experience do you have with tensorflow?,4
how many years of work experience do you have with trading systems?,6
"do you have commercial hft experience? 
do you have commercial hft experience?
required
       select an option
       yes
       no
   please enter a valid answer",Yes
"are you currently based in the us? 
are you currently based in the us?
required
       select an option
       yes
       no
   please enter a valid answer",Yes
how many years of work experience do you have with pyspark?,5
"how many years of work experience do you have with data reconciliation?
enter a whole number between 0 and 99",3
"how many years' experience do you have with rust?
enter a decimal number larger than 0.0",6
"how many years of experience do you have as java developer ?
enter a decimal number larger than 0.0",3
"how many years of experience do you have in credit risk domain ?
enter a decimal number larger than 0.0",3
"how many years of experience do you have in microservices , spring boot ?
enter a decimal number larger than 0.0",4
"how many years of experience do you have in banking domain ?
enter a decimal number larger than 0.0",4
how many years of work experience do you have with .net in azure?,5
how many years of work experience do you have with azure sql?,5
"do you live in a commutable distance from nyc? 
do you live in a commutable distance from nyc?
required
       select an option
       yes
       no
   please enter a valid answer",Yes
"how many years of work experience do you have with bamboohr?
enter a whole number between 0 and 99",3
how many years of work experience do you have with api development?,3
"how many years of work experience do you have with identity and access management (iam)?
enter a whole number between 0 and 99",3
"how many years of work experience do you have with authentication protocols?
enter a whole number between 0 and 99",6
"do you have the following license or certification: google cloud certified professional cloud architect?
do you have the following license or certification: google cloud certified professional cloud architect?
required
yes
no
please make a selection",Yes
"do you have the following license or certification: google cloud certified professional cloud architect?
do you have the following license or certification: google cloud certified professional cloud architect?
required
yes
no",Yes
"how many years of work experience do you have with data privacy?
enter a whole number between 0 and 99",3
"how many years of work experience do you have with product management?
enter a whole number between 0 and 99",5
"how many years of work experience do you have with legal compliance?
enter a whole number between 0 and 99",4
"business analyst experience
enter a decimal number larger than 0.0",4
"how many years of work experience do you have with epicor?
enter a whole number between 0 and 99",6
"how many years of work experience do you have with epicor erp?
enter a whole number between 0 and 99",6
"how many years of work experience do you have with business analysis?
enter a whole number between 0 and 99",5
"city
city
bronx, new york, united states
bronx county, new york, united states
10467, bronx, new york, united states
10459, bronx, new york, united states
10462, bronx, new york, united states
bronxville, new york, united states
10456, bronx, new york, united states
10458, bronx, new york, united states
10466, bronx, new york, united states
10452, bronx, new york, united states
10463, bronx, new york, united states
10453, bronx, new york, united states
10469, bronx, new york, united states
10468, bronx, new york, united states
10451, bronx, new york, united states
10457, bronx, new york, united states
10473, bronx, new york, united states
10461, bronx, new york, united states
10472, bronx, new york, united states
10460, bronx, new york, united states
please enter a valid answer",Bronx
"city
city
new york city metropolitan area
new york, united states
new delhi, delhi, india
new york, new york, united states
new jersey, united states
new zealand
new south wales, australia
australia and new zealand
new mexico, united states
new hampshire, united states
new orleans, louisiana, united states
sydney, new south wales, australia
new haven county, connecticut, united states
new castle county, delaware, united states
new brunswick, canada
new taipei city, new taipei city, taiwan
greater sydney area
new taipei city, taiwan
new taipei city, new taipei city, taiwan
kings county, new york, united states
please enter a valid answer",Bronx
"city
city
new york, united states
new york, new york, united states
new york city metropolitan area
kings county, new york, united states
brooklyn, new york, united states
albany, new york metropolitan area
10001, new york, new york, united states
rochester, new york metropolitan area
nassau county, new york, united states
suffolk county, new york, united states
bronx, new york, united states
erie county, new york, united states
bronx county, new york, united states
westchester county, new york, united states
queens county, new york, united states
monroe county, new york, united states
queens, new york, united states
buffalo, new york, united states
10025, new york, new york, united states
rochester, new york, united states
please enter a valid answer",Bronx
"disability status
disability status
required
       select an option
       i do not want to answer
       no, i do not have a disability and have not had one in the past
       yes, i have a disability, or have had one in the past
   please make a selection",No
"veteran status
veteran status
required
       select an option
       i don't wish to answer
       i identify as one or more of the classifications of a protected veteran
       i am not a protected veteran
   please make a selection",I am not
"required
       select an option
       decline to self identify
       two or more races
       native hawaiian or other pacific islander
       white
       hispanic or latino
       black or african american
       asian
       american indian or alaskan native
   please make a selection",White
"gender
gender
required
       select an option
       decline to self identify
       female
       male
   please make a selection",Male
"location preference
location preference
required
san mateo, ca
columbus, oh
austin, tx
remote
please make a selection",N/A
"have you been employed by upstart before?
have you been employed by upstart before?
required
       select an option
       yes
       no
   please make a selection",Yes
"are you authorized to work lawfully in the united states for upstart? 
are you authorized to work lawfully in the united states for upstart?
required
       select an option
       yes
       no
   please make a selection",4
"will you now or in the future require sponsorship for employment visa status (e.g., h-1b visa status)?
will you now or in the future require sponsorship for employment visa status (e.g., h-1b visa status)?
       select an option
       yes
       no",No
,4
"do you have a minimum 1 year experience with elastic and kofka?
do you have a minimum 1 year experience with elastic and kofka?
required
yes
no",Yes
"do you have a minimum 1 year experience with complex coding?
do you have a minimum 1 year experience with complex coding?
required
yes
no",Yes
,4
"what level clearance do you posses?
what level clearance do you posses?
required
none
secret
top-secret or higher",Yes
"how many years experience do you have in web development?
how many years experience do you have in web development?
required
less than 1 year
1-3 years
3-5 years
5+ years",5
address 2,Bronx
"city
please enter a valid answer",Bronx
"county
please enter a valid answer",4
"state
please enter a valid answer",4
"êtes-vous actuellement à la recherche de stage ? 
êtes-vous actuellement à la recherche de stage ?
required
       sélectionnez une option
       yes
       no
   veuillez saisir une réponse valable",4
"accepteriez-vous de travailler à distance ?
accepteriez-vous de travailler à distance ?
required
oui
non
effectuez une sélection",4
"accepteriez-vous de travailler à distance ?
accepteriez-vous de travailler à distance ?
required
oui
non",4
"are you a us citizen?
are you a us citizen?
required
yes
no",Yes
"how many years of work experience do you have with microsoft power apps?
enter a whole number between 0 and 99",4
"how many years of work experience do you have with data visualization?
enter a whole number between 0 and 99",3
"are you able to travel to norway for 1-2 weeks at the beginning of the contract?
are you able to travel to norway for 1-2 weeks at the beginning of the contract?
required
       select an option
       yes
       no
   please enter a valid answer",Yes
"have you completed the following level of education: associate's degree?
have you completed the following level of education: associate's degree?
required
yes
no
please make a selection",Yes
how many years of work experience do you have with microsoft excel?,6
"have you completed the following level of education: associate's degree?
have you completed the following level of education: associate's degree?
required
yes
no",Yes
"are you a u.s. citizen?
are you a u.s. citizen?
required
       select an option
       yes
       no
   please enter a valid answer",Yes
"have you had any experience with a similar role in a state or federal position?
have you had any experience with a similar role in a state or federal position?
required
       select an option
       yes
       no
   please enter a valid answer",Yes
"how many years of experience do you have as a mainframe developer.
enter a decimal number larger than 0.0",6
"how many years of work experience do you have in managing and resolving critical incidents in backend systems?
enter a decimal number larger than 0.0",3
"how many years of work experience do you have in developing and maintaining automated deployment pipelines for backend systems?
enter a decimal number larger than 0.0",3
"how many years of work experience do you have in setting up and managing monitoring systems and other engineering tools?
enter a decimal number larger than 0.0",5
"how many years of experience do you have with containerization tools (docker, kubernetes)?
enter a decimal number larger than 0.0",3
"how many years of work-related software engineering experience do you have?
enter a decimal number larger than 0.0",4
"how many years of experience do you have in designing and implementing complex, scalable, and fault-tolerant backend architectures?
enter a decimal number larger than 0.0",6
"how many years of work experience do you have in optimizing the performance of backend systems, ensuring high throughput and low latency?
enter a decimal number larger than 0.0",3
"how many years of work experience do you have in successfully completing projects of significant scope in backend development?
enter a decimal number larger than 0.0",5
"is your latest work experience in a w-2 position?
is your latest work experience in a w-2 position?
required
       select an option
       yes
       no
   please enter a valid answer",4
"will you now or in the future require visa sponsorship (i.e. h-1b)? please answer “yes” if you are currently on a student visa and will require visa sponsorship upon completion of your student visa curricular training.
will you now or in the future require visa sponsorship (i.e. h-1b)? please answer “yes” if you are currently on a student visa and will require visa sponsorship upon completion of your student visa curricular training.
required
yes
no
please make a selection",No
"are you a state of california resident?
are you a state of california resident?
required
yes
no
please make a selection",Yes
"for state of california residents - by checking this box, you are confirming that you have read and understand the following statement. under the california consumer privacy act (ccpa) your right to delete personal information does not apply to job applicant data. - for more information on your job applicant data and ccpa, contact captech's hr department (hr@captechconsulting.com).
for state of california residents - by checking this box, you are confirming that you have read and understand the following statement. under the california consumer privacy act (ccpa) your right to delete personal information does not apply to job applicant data. - for more information on your job applicant data and ccpa, contact captech's hr department (hr@captechconsulting.com).
confirmed",4
"ability to travel:
ability to travel:
       select an option
       4 - 5 days per week
       3 days per week
       1 - 2 days per week
       1 - 2 days every other week
       no travel",4
"do you have any agreements that would prevent you from working at captech? anything from your current employer or former employer?
do you have any agreements that would prevent you from working at captech? anything from your current employer or former employer?
yes
no",Yes
"if you answered yes to the above question, please explain below.
0/1,440
1440 maximum characters allowed.",4
"i certify that answers given herein are true and complete to the best of my knowledge. i authorize investigation of all statements contained in this application for employment as may be necessary in arriving at an employment decision. i hereby understand and acknowledge that, unless otherwise defined by applicable law, any employment relationship with this organization is of an ""at will"" nature, which means that the employee may resign at any time and the employer may discharge employee at any time for any reason as long as it is not discriminatory. it is further understood that this ""at will"" employment relationship may not be changed by any written document or by conduct unless such change is specifically acknowledged in writing by an authorized executive of this organization. in the event of employment, i understand that false or misleading information given in my application of interview(s) may result in discharge. i understand, and agree, that i am required to abide by all rules and regulations of the employer.
i certify that answers given herein are true and complete to the best of my knowledge. i authorize investigation of all statements contained in this application for employment as may be necessary in arriving at an employment decision. i hereby understand and acknowledge that, unless otherwise defined by applicable law, any employment relationship with this organization is of an ""at will"" nature, which means that the employee may resign at any time and the employer may discharge employee at any time for any reason as long as it is not discriminatory. it is further understood that this ""at will"" employment relationship may not be changed by any written document or by conduct unless such change is specifically acknowledged in writing by an authorized executive of this organization. in the event of employment, i understand that false or misleading information given in my application of interview(s) may result in discharge. i understand, and agree, that i am required to abide by all rules and regulations of the employer.
required
confirmed
select checkbox to proceed",4
"are you authorized to work in the united states?
are you authorized to work in the united states?
required
yes
no",4
"will you now or in the future require visa sponsorship (i.e. h-1b)? please answer “yes” if you are currently on a student visa and will require visa sponsorship upon completion of your student visa curricular training.
will you now or in the future require visa sponsorship (i.e. h-1b)? please answer “yes” if you are currently on a student visa and will require visa sponsorship upon completion of your student visa curricular training.
required
yes
no",No
"are you a state of california resident?
are you a state of california resident?
required
yes
no",Yes
"by checking this box, you will declare that you read and understand the privacy policy of captech consulting.
by checking this box, you will declare that you read and understand the privacy policy of captech consulting.
required
i consent
select checkbox to proceed",I agree
"sql and t-sql - 4 years of experience
enter a decimal number larger than 0.0",4
"c# - 4 years of experience
enter a decimal number larger than 0.0",4
"do you have experience working with kubernetes? 
do you have experience working with kubernetes?
required
       select an option
       yes
       no
   please enter a valid answer",Yes
"do you have experience working with helm software? 
do you have experience working with helm software?
required
       select an option
       yes
       no
   please enter a valid answer",Yes
"do you have experience with aws cloud services?
do you have experience with aws cloud services?
required
       select an option
       yes
       no
   please enter a valid answer",Yes
"can you start asap?
can you start asap?
required
       select an option
       yes
       no
   please enter a valid answer",4
"are you available on a w2 basis? 
are you available on a w2 basis?
required
       select an option
       yes
       no
   please enter a valid answer",Yes
"can you work on w2 contract from day one? no c2c or 1099 is workable with us.
can you work on w2 contract from day one? no c2c or 1099 is workable with us.
required
       select an option
       yes
       no
   please enter a valid answer",4
"is your visa status is usc/gc/gc-ead/h4-ead/tn?
is your visa status is usc/gc/gc-ead/h4-ead/tn?
required
       select an option
       yes
       no
   please enter a valid answer",4
"experience as a solution architect?
enter a decimal number larger than 0.0",4
"experience with app development including multiple platforms: web, mobile, desktop, handheld, and point of sale (pos).
enter a decimal number larger than 0.0",4
"experience in having applications meet quality, security, modifiability, extensibility, and scalability.
enter a decimal number larger than 0.0",4
"have you filled out this form? https://form.typeform.com/to/zmcgdfzv this is how we will contact you
have you filled out this form? https://form.typeform.com/to/zmcgdfzv this is how we will contact you
required
       select an option
       yes
       no
   please enter a valid answer",Yes
how many years of work experience do you have with sap products?,6
"how many years of work experience do you have with sap erp?
enter a whole number between 0 and 99",5
"how many years of work experience do you have with microsoft power automate?
enter a whole number between 0 and 99",3
"can you work on our w2? this role is not open for c2c engagements.
can you work on our w2? this role is not open for c2c engagements.
required
       select an option
       yes
       no
   please enter a valid answer",4
"this role is 1 day a week on-site in midtown manhattan. will you need to re-locate in order to do this?
this role is 1 day a week on-site in midtown manhattan. will you need to re-locate in order to do this?
required
       select an option
       yes
       no
   please enter a valid answer",4
"how many years of work experience do you have with git?
enter a whole number between 0 and 99",6
"how many years of work experience do you have with front-end technologies (e.g., html5, css3, javascript)
enter a decimal number larger than 0.0",4
"how many years of work experience do you have with modern framework (e.g., react, angular, or vue.js)?
enter a decimal number larger than 0.0",6
"how many years of work experience do you have with back-end development (e.g., node.js, python, or java)
enter a decimal number larger than 0.0",3
"how many years of work experience do you have with databases (e.g., sql and nosql concepts)?
enter a decimal number larger than 0.0",3
"are you considering participating in an unpaid internship program?
are you considering participating in an unpaid internship program?
required
       select an option
       yes
       no
   please enter a valid answer",Yes
"do you have 5+ years of commercial experience working as a quant developer within a systematic trading business? 
do you have 5+ years of commercial experience working as a quant developer within a systematic trading business?
required
       select an option
       yes
       no
   please enter a valid answer",Yes
how many years of work experience do you have with programming languages?,4
"how many years of work experience do you have with software development life cycle (sdlc)?
enter a whole number between 0 and 99",5
"how many years of an experience do you have with creating rest web services using c#?
enter a decimal number larger than 0.0",4
"this role requires 3 days attendance per week in ny - please confirm you fine with this.
this role requires 3 days attendance per week in ny - please confirm you fine with this.
required
       select an option
       yes
       no
   please enter a valid answer",4
"how many years of work experience do you have with github?
enter a whole number between 0 and 99",5
"do you have the following license or certification: linux foundation certified system administrator (lfcs)?
do you have the following license or certification: linux foundation certified system administrator (lfcs)?
required
yes
no
please make a selection",Yes
"do you have the following license or certification: comptia linux+?
do you have the following license or certification: comptia linux+?
required
yes
no
please make a selection",Yes
"do you have the following license or certification: red hat certified system administrator (rhcsa)?
do you have the following license or certification: red hat certified system administrator (rhcsa)?
required
yes
no
please make a selection",Yes
"you must have experience working with google cloud platform or aws to do work. do you have experience with gcp or aws? if you do not have gcp or aws experience. are you willing to learn in 30 days?
you must have experience working with google cloud platform or aws to do work. do you have experience with gcp or aws? if you do not have gcp or aws experience. are you willing to learn in 30 days?
required
       select an option
       yes
       no
   please enter a valid answer",Yes
"do you have the following license or certification: linux foundation certified system administrator (lfcs)?
do you have the following license or certification: linux foundation certified system administrator (lfcs)?
required
yes
no",Yes
"do you have the following license or certification: comptia linux+?
do you have the following license or certification: comptia linux+?
required
yes
no",Yes
"do you have the following license or certification: red hat certified system administrator (rhcsa)?
do you have the following license or certification: red hat certified system administrator (rhcsa)?
required
yes
no",Yes
"do you have 3+ years of commercial c++ experience? 
do you have 3+ years of commercial c++ experience?
required
       select an option
       yes
       no
   please enter a valid answer",Yes
"are you able to work onsite in nyc full time?
are you able to work onsite in nyc full time?
required
       select an option
       yes
       no
   please enter a valid answer",Yes
"how many years of work experience do you have with next.js?
enter a whole number between 0 and 99",5
how many years of work experience do you have with laravel?,6
"have you ever refactored cakephp to laravel php?
have you ever refactored cakephp to laravel php?
required
       select an option
       yes
       no
   please enter a valid answer",Yes
